feature,rsi,category,correction
CentralMoment_1_1,1036113.75,high,moment_rotation_correction
InertiaTensor_0_1,427775.0,high,moment_rotation_correction
InertiaTensor_1_0,427775.0,high,moment_rotation_correction
CentralMoment_1_3,421663.84375,high,moment_rotation_correction
NormalizedMoment_3_3,346883.3125,high,moment_rotation_correction
NormalizedMoment_3_1,152885.3125,high,moment_rotation_correction
NormalizedMoment_1_3,43372.574219,high,moment_rotation_correction
NormalizedMoment_1_1,30353.916016,high,moment_rotation_correction
HuMoment_4,794.380005,test_artefact,
NormalizedMoment_2_2,254.238617,high,moment_rotation_correction
Granularity_6,48.647114,high,
CentralMoment_2_1,34.821255,high,moment_rotation_correction
HuMoment_5,34.458817,test_artefact,
CentralMoment_2_3,18.11096,high,moment_rotation_correction
HuMoment_3,16.540394,test_artefact,
NormalizedMoment_3_2,15.154564,high,moment_rotation_correction
HuMoment_6,14.578012,test_artefact,
CentralMoment_1_0,13.688272,high,moment_rotation_correction
InertiaTensor_1_1,8.602487,high,moment_rotation_correction
NormalizedMoment_3_0,8.229285,high,moment_rotation_correction
NormalizedMoment_2_0,7.877635,high,moment_rotation_correction
SpatialMoment_2_0,6.671784,high,moment_rotation_correction
CentralMoment_2_0,6.393626,high,moment_rotation_correction
Center_Y,5.638931,high,
Location_CenterMassIntensity_Y,5.344895,high,convert_to_distance_from_centroid
Center_X,5.214594,high,
Granularity_3,4.389052,high,
Zernike_5_1,4.043367,test_artefact,
RadialDistribution_ZernikePhase_4_4,4.034132,high,phase_minus_m_times_orientation
Extent,3.921066,high,
Zernike_5_5,3.823194,test_artefact,
Location_MaxIntensity_Y,3.748785,high,convert_to_distance_from_centroid
NormalizedMoment_2_3,3.518361,high,moment_rotation_correction
Zernike_7_1,3.272163,test_artefact,
CentralMoment_0_3,3.17944,high,moment_rotation_correction
Zernike_3_3,2.927991,test_artefact,
SpatialMoment_2_1,2.887498,high,moment_rotation_correction
SpatialMoment_2_2,2.862123,high,moment_rotation_correction
SpatialMoment_2_3,2.86074,high,moment_rotation_correction
RadialDistribution_ZernikePhase_6_6,2.474732,high,phase_minus_m_times_orientation
RadialDistribution_ZernikePhase_2_2,2.172742,high,phase_minus_m_times_orientation
Zernike_9_1,2.17101,test_artefact,
Zernike_1_1,2.133783,test_artefact,
Zernike_9_3,1.999058,test_artefact,
RadialDistribution_ZernikePhase_4_2,1.928812,high,phase_minus_m_times_orientation
RadialDistribution_ZernikePhase_8_8,1.824479,high,phase_minus_m_times_orientation
Zernike_7_5,1.677241,test_artefact,
NormalizedMoment_2_1,1.65541,high,moment_rotation_correction
Zernike_3_1,1.646915,test_artefact,
BoundingBoxMinimum_Y,1.629402,high,
Zernike_7_3,1.546975,test_artefact,
BoundingBoxMaximum_Y,1.46484,high,
RadialDistribution_ZernikePhase_5_5,1.408571,high,phase_minus_m_times_orientation
RadialDistribution_ZernikePhase_6_4,1.242102,high,phase_minus_m_times_orientation
RadialDistribution_ZernikePhase_9_9,1.233733,high,phase_minus_m_times_orientation
CentralMoment_2_2,1.187804,high,moment_rotation_correction
RadialDistribution_ZernikePhase_6_2,1.179858,high,phase_minus_m_times_orientation
RadialDistribution_ZernikePhase_1_1,1.172593,high,phase_minus_m_times_orientation
RadialDistribution_ZernikePhase_8_4,1.165715,high,phase_minus_m_times_orientation
RadialDistribution_ZernikePhase_5_3,1.160128,high,phase_minus_m_times_orientation
NormalizedMoment_1_2,1.148977,high,moment_rotation_correction
RadialDistribution_ZernikePhase_8_6,1.136552,high,phase_minus_m_times_orientation
RadialDistribution_ZernikePhase_9_7,1.113308,high,phase_minus_m_times_orientation
RadialDistribution_ZernikePhase_8_2,1.085974,high,phase_minus_m_times_orientation
RadialDistribution_ZernikePhase_9_3,1.062164,high,phase_minus_m_times_orientation
RadialDistribution_ZernikePhase_7_3,1.048053,high,phase_minus_m_times_orientation
RadialDistribution_ZernikePhase_7_7,1.022233,high,phase_minus_m_times_orientation
RadialDistribution_ZernikePhase_3_1,1.021347,high,phase_minus_m_times_orientation
RadialDistribution_ZernikePhase_7_5,0.98942,moderate,phase_minus_m_times_orientation
RadialDistribution_ZernikePhase_9_1,0.973285,moderate,phase_minus_m_times_orientation
RadialDistribution_ZernikePhase_7_1,0.973151,moderate,phase_minus_m_times_orientation
RadialDistribution_ZernikePhase_3_3,0.948281,moderate,phase_minus_m_times_orientation
RadialDistribution_ZernikePhase_5_1,0.948217,moderate,phase_minus_m_times_orientation
RadialDistribution_ZernikeMagnitude_9_9,0.930426,moderate,
Correlation_10_01_256,0.909566,moderate,
RadialDistribution_ZernikePhase_9_5,0.879304,moderate,phase_minus_m_times_orientation
Zernike_9_9,0.848341,test_artefact,
RadialDistribution_ZernikeMagnitude_7_7,0.828033,moderate,
CentralMoment_0_1,0.815868,moderate,moment_rotation_correction
RadialDistribution_ZernikeMagnitude_5_5,0.813835,moderate,
Zernike_9_7,0.783705,test_artefact,
HuMoment_2,0.754123,test_artefact,
RadialDistribution_ZernikeMagnitude_9_7,0.752283,moderate,
RadialDistribution_ZernikeMagnitude_9_3,0.709335,moderate,
NormalizedMoment_0_3,0.684848,moderate,moment_rotation_correction
RadialDistribution_ZernikeMagnitude_3_3,0.651066,moderate,
RadialDistribution_ZernikeMagnitude_9_1,0.634949,moderate,
Location_MaxIntensity_X,0.628526,moderate,convert_to_distance_from_centroid
Zernike_5_3,0.605157,test_artefact,
RadialDistribution_ZernikeMagnitude_9_5,0.597969,moderate,
Location_CenterMassIntensity_X,0.587861,moderate,convert_to_distance_from_centroid
NormalizedMoment_0_2,0.572697,moderate,moment_rotation_correction
SpatialMoment_1_0,0.556954,moderate,moment_rotation_correction
Correlation_10_03_256,0.551551,moderate,
Contrast_10_03_256,0.528984,moderate,
RadialDistribution_ZernikeMagnitude_7_5,0.525331,moderate,
Zernike_7_7,0.516407,test_artefact,
SpatialMoment_1_3,0.496024,moderate,moment_rotation_correction
RadialDistribution_ZernikeMagnitude_7_3,0.457878,moderate,
Zernike_9_5,0.453431,test_artefact,
RadialDistribution_ZernikeMagnitude_7_1,0.44332,moderate,
SpatialMoment_1_2,0.421617,moderate,moment_rotation_correction
RadialDistribution_ZernikeMagnitude_1_1,0.407809,moderate,
RadialDistribution_ZernikeMagnitude_5_1,0.405968,moderate,
Orientation,0.395961,moderate,
Contrast_10_01_256,0.382546,moderate,
RadialDistribution_ZernikeMagnitude_3_1,0.327735,moderate,
RadialDistribution_ZernikeMagnitude_5_3,0.298499,moderate,
SpatialMoment_1_1,0.277543,moderate,moment_rotation_correction
Granularity_5,0.261417,moderate,
Variance_10_03_256,0.258188,moderate,
Granularity_7,0.250705,moderate,
BoundingBoxArea,0.23477,moderate,
Correlation_10_02_256,0.229388,moderate,
BoundingBoxMaximum_X,0.201027,moderate,
Variance_10_01_256,0.200527,moderate,
BoundingBoxMinimum_X,0.199998,moderate,
Correlation_10_00_256,0.19816,moderate,
InfoMeas2_3_00_256,0.194581,moderate,
InertiaTensor_0_0,0.185698,moderate,moment_rotation_correction
SpatialMoment_0_3,0.169882,moderate,moment_rotation_correction
Granularity_2,0.163395,moderate,
SumVariance_10_03_256,0.157879,moderate,
Intensity_MinIntensityEdge,0.153465,moderate,
Intensity_MinIntensity,0.153465,moderate,
SpatialMoment_0_2,0.142424,moderate,moment_rotation_correction
InfoMeas1_3_00_256,0.140369,moderate,
Contrast_10_00_256,0.136863,moderate,
CentralMoment_0_2,0.131957,moderate,moment_rotation_correction
SumVariance_10_01_256,0.124695,moderate,
RadialDistribution_RadialCV_1of4,0.124249,moderate,
RadialDistribution_MeanFrac_1of4,0.119176,moderate,
Correlation_5_03_256,0.111907,moderate,
InfoMeas1_10_03_256,0.106366,moderate,
InfoMeas1_10_01_256,0.105583,moderate,
Correlation_5_01_256,0.100025,moderate,
CentralMoment_1_2,0.097743,low,moment_rotation_correction
InfoMeas2_5_00_256,0.097327,low,
InfoMeas1_3_02_256,0.094107,low,
RadialDistribution_MeanFrac_3of4,0.089803,low,
Zernike_8_8,0.086298,low,
Zernike_8_0,0.083738,low,
Solidity,0.082689,low,
InfoMeas1_5_00_256,0.081127,low,
Zernike_8_4,0.080125,low,
SpatialMoment_0_1,0.079885,low,moment_rotation_correction
Zernike_8_6,0.078445,low,
Contrast_10_02_256,0.075024,low,
RadialDistribution_ZernikePhase_2_0,0.073827,low,phase_minus_m_times_orientation
RadialDistribution_MeanFrac_2of4,0.072543,low,
Correlation_5_00_256,0.068653,low,
Correlation_5_02_256,0.066973,low,
Contrast_5_03_256,0.065394,low,
RadialDistribution_ZernikePhase_8_0,0.062441,low,phase_minus_m_times_orientation
Contrast_5_01_256,0.061121,low,
Zernike_6_0,0.05911,low,
Granularity_4,0.058792,low,
SumVariance_10_00_256,0.05872,low,
Contrast_5_00_256,0.057469,low,
RadialDistribution_RadialCV_2of4,0.057454,low,
Correlation_3_00_256,0.055969,low,
InfoMeas2_3_02_256,0.054788,low,
InfoMeas1_10_00_256,0.054175,low,
Variance_10_00_256,0.052738,low,
InfoMeas1_3_01_256,0.052035,low,
InfoMeas1_3_03_256,0.051726,low,
InfoMeas1_5_02_256,0.050108,low,
RadialDistribution_RadialCV_4of4,0.046544,low,
Granularity_1,0.045342,low,
SumVariance_10_02_256,0.045264,low,
Contrast_5_02_256,0.04512,low,
Correlation_3_02_256,0.044856,low,
Correlation_3_03_256,0.043868,low,
Contrast_3_03_256,0.043082,low,
Zernike_6_6,0.042334,low,
Correlation_3_01_256,0.042048,low,
InverseDifferenceMoment_10_01_256,0.040895,low,
Contrast_3_01_256,0.040402,low,
DifferenceEntropy_10_01_256,0.039852,low,
InfoMeas2_5_02_256,0.038223,low,
InfoMeas2_10_00_256,0.038135,low,
InverseDifferenceMoment_10_03_256,0.037947,low,
InfoMeas2_3_01_256,0.037679,low,
InfoMeas2_3_03_256,0.037304,low,
Intensity_StdIntensityEdge,0.03707,low,
Contrast_3_00_256,0.037038,low,
DifferenceEntropy_10_03_256,0.037033,low,
SumEntropy_10_03_256,0.036573,low,
Zernike_6_4,0.036218,low,
SumEntropy_10_01_256,0.036058,low,
Zernike_8_2,0.033535,low,
Variance_10_02_256,0.03336,low,
RadialDistribution_MeanFrac_4of4,0.0321,low,
InfoMeas1_10_02_256,0.029422,low,
RadialDistribution_RadialCV_3of4,0.028885,low,
InfoMeas1_5_01_256,0.028504,low,
InfoMeas1_5_03_256,0.027992,low,
Contrast_3_02_256,0.027832,low,
Entropy_10_01_256,0.026525,low,
Entropy_10_03_256,0.02617,low,
InfoMeas2_10_03_256,0.025919,low,
InfoMeas2_10_01_256,0.025125,low,
DifferenceVariance_10_01_256,0.024494,low,
RadialDistribution_FracAtD_3of4,0.022808,low,
AngularSecondMoment_10_01_256,0.022619,low,
AngularSecondMoment_10_03_256,0.022501,low,
SumVariance_5_03_256,0.022302,low,
DifferenceVariance_10_03_256,0.022036,low,
InfoMeas2_5_01_256,0.021573,low,
InfoMeas2_10_02_256,0.021532,low,
Zernike_6_2,0.02149,low,
InfoMeas2_5_03_256,0.021255,low,
SumVariance_5_01_256,0.020421,low,
Zernike_4_4,0.016629,low,
Zernike_4_0,0.01493,low,
AngularSecondMoment_10_02_256,0.014668,low,
RadialDistribution_ZernikeMagnitude_8_0,0.014643,low,
Variance_5_03_256,0.013999,low,
DifferenceVariance_10_02_256,0.013715,low,
Variance_5_01_256,0.013623,low,
InverseDifferenceMoment_10_02_256,0.012335,low,
RadialDistribution_ZernikeMagnitude_8_4,0.011797,low,
DifferenceEntropy_10_02_256,0.011718,low,
AngularSecondMoment_10_00_256,0.011112,low,
SumVariance_5_00_256,0.010967,low,
SumVariance_5_02_256,0.010887,low,
Variance_5_00_256,0.010705,low,
DifferenceVariance_10_00_256,0.010293,low,
InverseDifferenceMoment_10_00_256,0.010131,low,
DifferenceEntropy_10_00_256,0.009908,stable,
Variance_5_02_256,0.009772,stable,
Intensity_IntegratedIntensityEdge,0.009391,stable,
Intensity_StdIntensity,0.009343,stable,
SumAverage_10_01_256,0.009004,stable,
SumAverage_10_03_256,0.008972,stable,
RadialDistribution_ZernikeMagnitude_8_6,0.008644,stable,
Variance_3_03_256,0.008562,stable,
Variance_3_01_256,0.008405,stable,
Intensity_MeanIntensityEdge,0.008361,stable,
SumVariance_3_03_256,0.008069,stable,
SumVariance_3_01_256,0.007831,stable,
Variance_3_00_256,0.007605,stable,
Variance_3_02_256,0.007582,stable,
RadialDistribution_FracAtD_1of4,0.007303,stable,
RadialDistribution_ZernikeMagnitude_8_2,0.007015,stable,
SumEntropy_10_02_256,0.006944,stable,
Intensity_MaxIntensityEdge,0.006673,stable,
RadialDistribution_FracAtD_2of4,0.00665,stable,
SumVariance_3_02_256,0.006634,stable,
DifferenceEntropy_5_03_256,0.006253,stable,
SumVariance_3_00_256,0.006245,stable,
DifferenceEntropy_5_01_256,0.006225,stable,
RadialDistribution_ZernikeMagnitude_6_0,0.005889,stable,
SumEntropy_10_00_256,0.005798,stable,
InverseDifferenceMoment_3_02_256,0.005753,stable,
RadialDistribution_ZernikeMagnitude_8_8,0.005643,stable,
DifferenceEntropy_5_02_256,0.005428,stable,
InverseDifferenceMoment_3_00_256,0.005345,stable,
RadialDistribution_ZernikePhase_4_0,0.005222,stable,phase_minus_m_times_orientation
Entropy_10_02_256,0.005071,stable,
DifferenceEntropy_5_00_256,0.004984,stable,
Zernike_4_2,0.004936,stable,
Compactness,0.004852,stable,
DifferenceEntropy_3_03_256,0.004841,stable,
DifferenceEntropy_3_01_256,0.004806,stable,
DifferenceEntropy_3_02_256,0.004569,stable,
InverseDifferenceMoment_5_02_256,0.004489,stable,
DifferenceVariance_5_03_256,0.004484,stable,
DifferenceVariance_5_01_256,0.004404,stable,
RadialDistribution_ZernikeMagnitude_6_4,0.004391,stable,
InverseDifferenceMoment_5_03_256,0.004358,stable,
InverseDifferenceMoment_5_01_256,0.004349,stable,
DifferenceEntropy_3_00_256,0.004319,stable,
InverseDifferenceMoment_3_01_256,0.004295,stable,
Entropy_10_00_256,0.004278,stable,
InverseDifferenceMoment_3_03_256,0.004268,stable,
AngularSecondMoment_5_03_256,0.004264,stable,
AngularSecondMoment_5_01_256,0.004152,stable,
InverseDifferenceMoment_5_00_256,0.004046,stable,
FormFactor,0.003495,stable,
RadialDistribution_ZernikePhase_6_0,0.003477,stable,phase_minus_m_times_orientation
RadialDistribution_ZernikeMagnitude_6_6,0.002981,stable,
RadialDistribution_FracAtD_4of4,0.002873,stable,
DifferenceVariance_5_02_256,0.002831,stable,
Eccentricity,0.002519,stable,
RadialDistribution_ZernikeMagnitude_6_2,0.002503,stable,
Zernike_2_2,0.002305,stable,
SumEntropy_5_03_256,0.002214,stable,
DifferenceVariance_5_00_256,0.002165,stable,
Intensity_MADIntensity,0.002162,stable,
SumEntropy_5_01_256,0.002153,stable,
AngularSecondMoment_5_02_256,0.002139,stable,
RadialDistribution_ZernikeMagnitude_4_4,0.001799,stable,
RadialDistribution_ZernikeMagnitude_4_2,0.001773,stable,
AngularSecondMoment_5_00_256,0.0017,stable,
DifferenceVariance_3_03_256,0.001695,stable,
DifferenceVariance_3_01_256,0.001675,stable,
DifferenceVariance_3_02_256,0.001451,stable,
MedianRadius,0.001399,stable,
Entropy_5_03_256,0.001321,stable,
Zernike_2_0,0.001311,stable,
Entropy_5_01_256,0.001297,stable,
RadialDistribution_ZernikeMagnitude_2_0,0.001282,stable,
AngularSecondMoment_3_03_256,0.00124,stable,
AngularSecondMoment_3_01_256,0.001205,stable,
DifferenceVariance_3_00_256,0.001121,stable,
SumEntropy_5_02_256,0.001093,stable,
Intensity_MassDisplacement,0.001031,stable,
RadialDistribution_ZernikeMagnitude_4_0,0.001005,stable,
SumEntropy_5_00_256,0.000988,stable,
Intensity_MaxIntensity,0.000982,stable,
SumAverage_10_00_256,0.000966,stable,
SumAverage_10_02_256,0.000964,stable,
AngularSecondMoment_3_02_256,0.000745,stable,
SumEntropy_3_03_256,0.000723,stable,
SumEntropy_3_01_256,0.00071,stable,
Entropy_5_02_256,0.000663,stable,
Entropy_5_00_256,0.000615,stable,
AngularSecondMoment_3_00_256,0.000601,stable,
Entropy_3_03_256,0.00048,stable,
Entropy_3_01_256,0.000475,stable,
Zernike_0_0,0.000466,stable,
SumEntropy_3_02_256,0.000448,stable,
SumEntropy_3_00_256,0.000428,stable,
Entropy_3_02_256,0.000426,stable,
Entropy_3_00_256,0.000422,stable,
RadialDistribution_ZernikeMagnitude_2_2,0.000408,stable,
PerimeterCrofton,0.00036,stable,
Perimeter,0.000358,stable,
MinFeretDiameter,0.000291,stable,
HuMoment_1,0.000233,stable,
Intensity_LowerQuartileIntensity,0.000205,stable,
MaximumRadius,0.000204,stable,
SumAverage_5_03_256,0.000203,stable,
SumAverage_5_01_256,0.000203,stable,
HuMoment_0,0.000193,stable,
RadialDistribution_ZernikeMagnitude_0_0,0.000134,stable,
SumAverage_5_00_256,0.000121,stable,
SumAverage_5_02_256,0.00012,stable,
Intensity_MeanIntensity,0.000111,stable,
SumAverage_3_01_256,0.0001,stable,
SumAverage_3_03_256,0.0001,stable,
SumAverage_3_00_256,7.5e-05,stable,
SumAverage_3_02_256,7.5e-05,stable,
Intensity_MedianIntensity,7.4e-05,stable,
MeanRadius,6.3e-05,stable,
Intensity_UpperQuartileIntensity,5.5e-05,stable,
MaxFeretDiameter,4.6e-05,stable,
MinorAxisLength,3.7e-05,stable,
InertiaTensorEigenvalues_1,2.3e-05,stable,
InertiaTensorEigenvalues_0,2.3e-05,stable,
ConvexArea,2e-05,stable,
MajorAxisLength,1.5e-05,stable,
Area,9e-06,stable,
FilledArea,9e-06,stable,
SpatialMoment_0_0,9e-06,stable,moment_rotation_correction
EquivalentDiameter,9e-06,stable,
CentralMoment_0_0,9e-06,stable,moment_rotation_correction
Intensity_IntegratedIntensity,5e-06,stable,
EulerNumber,,constant,
Location_CenterMassIntensity_Z,,constant,
Location_MaxIntensity_Z,,constant,
Granularity_8,,constant,
Granularity_9,,constant,
Granularity_10,,constant,
Granularity_11,,constant,
Granularity_12,,constant,
Granularity_13,,constant,
Granularity_14,,constant,
Granularity_15,,constant,
Granularity_16,,constant,
RadialDistribution_ZernikePhase_0_0,,constant,phase_minus_m_times_orientation
